{"cameraMode":{"drawMode":0,"name":"Shaded","section":"Shading Mode"},"sceneLighting":true,"audioPlay":false,"sceneViewState":{"showFog":true,"showMaterialUpdate":false,"showSkybox":true,"showFlares":true,"showImageEffects":true,"showParticleSystems":true,"showVisualEffectGraphs":true,"m_FxEnabled":true},"in2DMode":false,"pivot":{"x":24.441518783569337,"y":2.631354331970215,"z":24.83226776123047},"rotation":{"x":0.08917245268821717,"y":0.21721816062927247,"z":-0.019930744543671609,"w":0.9718382358551025},"size":2.9296631813049318,"orthographic":false}